K,fold,rseed,auc_train_AB,auc_test_AB,mean_mae_AP,mae_train_AP,mae_test_AP,mean_rmse_AG,rmse_train_AG,rmse_test_AG,rp_XB,mrf_XB,acc_train_XB,acc_test_XB,mean_mae_XP,mae_train_XP,mae_test_XP,mean_rmse_XG,rmse_train_XG,rmse_test_XG
3,0,0,0.7755950274709231,0.7638247615821381,0.4859342,0.37887868,0.36424285,2.0987828,1.1822726,1.2278367,0.25,0.375,0.73125,0.825,[3.7],[2.5189538],[2.8378282],[2.2332277],[1.0380667],[1.0821921]
3,1,0,0.7761536721315997,0.7626396199631045,0.49040556,0.37725294,0.37400872,2.0830169,1.1778586,1.1960266,0.25,0.4,0.7625,0.7,[3.2287498],[2.4173672],[2.8626504],[2.3143942],[1.057918],[1.1901248]
3,2,0,0.7722496206337486,0.7757647486422783,0.4952098,0.37504908,0.38136333,2.0759666,1.1825842,1.2112525,0.25,0.375,0.76875,0.675,[3.0771873],[2.5047216],[2.2582927],[2.4066775],[1.1112227],[1.1570729]
3,3,0,0.7704316720655446,0.7738812268453734,0.49879003,0.37334168,0.3871778,2.0729623,1.171943,1.2059085,0.25,0.325,0.73125,0.825,[3.1028123],[2.3877056],[2.3266037],[2.1040637],[1.0789374],[1.0298578]
3,4,0,0.7739849399383016,0.765104347826087,0.49330208,0.3759766,0.37637842,2.0975134,1.1818722,1.222905,0.25,0.4,0.75625,0.725,[3.302812],[2.6010787],[2.5025048],[2.3334281],[1.0844259],[1.0148746]
