K,fold,rseed,auc_train_AB,auc_test_AB,mean_mae_AP,mae_train_AP,mae_test_AP,mean_rmse_AG,rmse_train_AG,rmse_test_AG,rp_XB,mrf_XB,acc_train_XB,acc_test_XB,mean_mae_XP,mae_train_XP,mae_test_XP,mean_rmse_XG,rmse_train_XG,rmse_test_XG
3,0,0,0.7971893793110583,0.795329497203695,0.5097954,0.39155224,0.3775396,1.8066524,1.1680355,1.1917471,0.25,0.4,0.70625,0.775,[2.9396873],[2.4989018],[2.7005792],[2.3559384],[0.94846845],[1.0340767]
3,1,0,0.7966997889031455,0.7951258872625036,0.52706885,0.38797605,0.3958817,1.8225387,1.1579711,1.2050271,0.25,0.375,0.71875,0.725,[3.853125],[2.4703267],[2.6622589],[2.523656],[1.0587388],[1.0252349]
3,2,0,0.7986161166225958,0.7841465931772817,0.5234436,0.38858023,0.3925615,1.8088238,1.168057,1.196328,0.25,0.325,0.71875,0.725,[3.5375],[2.4647424],[2.4569669],[2.6618948],[1.0158563],[1.2417765]
3,3,0,0.7994251886700848,0.7837871051416004,0.5181992,0.3873502,0.39000362,1.7991807,1.163412,1.1749468,0.25,0.375,0.725,0.7,[2.979375],[2.550996],[1.8660475],[2.465681],[1.0244032],[1.0451071]
3,4,0,0.7953207406757841,0.7968383733745588,0.5178417,0.38803077,0.39152643,1.7987305,1.1685938,1.1849152,0.25,0.4,0.73125,0.675,[3.425],[2.494101],[2.936547],[2.3233771],[1.0219115],[0.7982034]
